data_name,KMeans,MeanShift,AgglomerativeClustering,DBSCAN,CDC,HDCBC
Digits,0.300533808,0.722036894,0.299822064,0.951957295,0.939323843,0.943238434
Dermatology,0.634078212,0.93440342,0.698324022,0.865921788,0.826815642,0.865921788
Wine,0.949438202,0.741107065,0.949438202,0.949438202,0.949438202,0.960674157
MNIST10k,0.7779,0.651686774,0.8164,0.8167,0.6968,0.6915
PenDigits,0.88746361,0.705248931,0.885462154,0.876364629,0.81768559,0.831786754