data_name,KMeans,MeanShift,AgglomerativeClustering,DBSCAN,CDC,HDCBC
Digits,0.949260192,0.428002683,0.948888328,0.939682667,0.94321157,0.92930569
Dermatology,0.592134411,0.870300243,0.639457283,0.870300243,0.898918995,0.870300243
Wine,0.85156884,0.709632864,0.85156884,0.85156884,0.901205277,0.846011078
MNIST10k,0.691403751,0.439844338,0.74052546,0.715574457,0.700919638,0.608552998
PenDigits,0.7885444,0.519945066,0.789782159,0.834566037,0.816387381,0.774343792