data_name,KMeans,MeanShift,AgglomerativeClustering,DBSCAN,CDC,HDCBC
Digits,0.949668638,0.722036894,0.949371187,0.945207568,0.888765273,0.9287491333916282
Dermatology,0.810123545,0.93440342,0.819887444,0.93440342,0.93440342,0.93440342
Wine,0.836371033,0.741107065,0.836371033,0.836371033,0.836371033,0.829536785
MNIST10k,0.778851449,0.651686774,0.80521032,0.787240533,0.70363737,0.759172192
PenDigits,0.858117908,0.705248931,0.858922761,0.886964551,0.858057865,0.83759861